adjective,blurb,required_capabilities
Pyromaniacal,"Prioritize Fire damage whenever possible: spells, arrows, surfaces, explosives, torches, or burning weapons.",fire
Frostbitten,"Prioritize Cold damage whenever possible, especially ice surfaces, chilled enemies, and wet targets.",cold
Voltaic,"Prioritize Lightning damage whenever possible, especially against Wet enemies.",lightning
Thunderous,"Prioritize Thunder damage, knockbacks, Reverberation, and loud battlefield nonsense.",thunder
Corrosive,Prioritize Acid damage and acid surfaces whenever possible.,acid
Venomous,"Prioritize Poison damage, toxins, coatings, poison clouds, and dirty tricks.",poison
Radiant,Prioritize Radiant damage and light-based punishment whenever possible.,radiant
Necrotic,"Prioritize Necrotic damage, death magic, curses, spores, and life-draining effects.",necrotic
Psychic,"Prioritize Psychic damage, mind effects, fear, confusion, charms, and illithid-flavored options.",psychic
Forceful,"Prioritize Force damage, reliability and forced movement.",force
Serrated,"Prioritize Slashing damage with swords, axes, glaives, scimitars, or any sharp solution.",martial;wildshape
Skewering,"Prioritize Piercing damage with bows, crossbows, daggers, rapiers, spears, or thrown pointy things.",martial;ranged;thrown;wildshape
Blunt,"Prioritize Bludgeoning damage with hammers, maces, clubs, staves, fists, or thrown furniture.",martial;unarmed;thrown;wildshape
Thermal,Build around a Fire + Cold damage identity. Try to make both damage types matter in most major fights.,fire+cold
Overcharged,Build around a Fire + Lightning damage identity. Try to make both damage types matter in most major fights.,fire+lightning
Explosive,Build around a Fire + Thunder damage identity. Try to make both damage types matter in most major fights.,fire+thunder
Noxious,Build around a Fire + Poison damage identity. Try to make both damage types matter in most major fights.,fire+poison
Solar,Build around a Fire + Radiant damage identity. Try to make both damage types matter in most major fights.,fire+radiant
Feverish,Build around a Fire + Psychic damage identity. Try to make both damage types matter in most major fights.,fire+psychic
Combustive,Build around a Fire + Force damage identity. Try to make both damage types matter in most major fights.,fire+force
Cauterizing,Build around a Fire + Piercing damage identity. Try to make both damage types matter in most major fights.,fire+martial;fire+ranged;fire+thrown
Meteoric,Build around a Fire + Bludgeoning damage identity. Try to make both damage types matter in most major fights.,fire+martial;fire+unarmed;fire+thrown;fire+shillelagh
Blizzardborn,Build around a Cold + Lightning damage identity. Try to make both damage types matter in most major fights.,cold+lightning
Brainfreezing,Build around a Cold + Psychic damage identity. Try to make both damage types matter in most major fights.,cold+psychic
Crystalline,Build around a Cold + Force damage identity. Try to make both damage types matter in most major fights.,cold+force
Icicle,Build around a Cold + Piercing damage identity. Try to make both damage types matter in most major fights.,cold+martial;cold+ranged;wildshape;cold+thrown
Glacial,Build around a Cold + Bludgeoning damage identity. Try to make both damage types matter in most major fights.,cold+martial;cold+unarmed;cold+thrown;cold+shillelagh
Tempestuous,Build around a Lightning + Thunder damage identity. Try to make both damage types matter in most major fights.,lightning+thunder
Dazzling,Build around a Lightning + Radiant damage identity. Try to make both damage types matter in most major fights.,lightning+radiant
Defibrillating,Build around a Lightning + Necrotic damage identity. Try to make both damage types matter in most major fights.,lightning+necrotic
Stormcleaving,Build around a Lightning + Slashing damage identity. Try to make both damage types matter in most major fights.,lightning+martial
Thunderstruck,Build around a Lightning + Bludgeoning damage identity. Try to make both damage types matter in most major fights.,lightning+martial;lightning+unarmed;wildshape;lightning+thrown
Earthshaking,Build around a Thunder + Bludgeoning damage identity. Try to make both damage types matter in most major fights.,thunder+martial;thunder+unarmed;thunder+thrown;thunder+shillelagh;wildshape
Vile,Build around a Acid + Poison damage identity. Try to make both damage types matter in most major fights.,acid+poison
Putrid,Build around a Acid + Necrotic damage identity. Try to make both damage types matter in most major fights.,acid+necrotic
Injecting,Build around a Acid + Piercing damage identity. Try to make both damage types matter in most major fights.,acid+martial;acid+ranged;acid+thrown;wildshape
Pulping,Build around a Acid + Bludgeoning damage identity. Try to make both damage types matter in most major fights.,acid+martial;acid+unarmed;acid+thrown;acid+shillelagh
Purging,Build around a Poison + Radiant damage identity. Try to make both damage types matter in most major fights.,poison+radiant
Rotting,Build around a Poison + Necrotic damage identity. Try to make both damage types matter in most major fights.,poison+necrotic
Twilit,Build around a Radiant + Necrotic damage identity. Try to make both damage types matter in most major fights.,radiant+necrotic
Revelatory,Build around a Radiant + Psychic damage identity. Try to make both damage types matter in most major fights.,radiant+psychic
Stellar,Build around a Radiant + Force damage identity. Try to make both damage types matter in most major fights.,radiant+force
Judging,Build around a Radiant + Slashing damage identity. Try to make both damage types matter in most major fights.,radiant+martial
Saintly,Build around a Radiant + Piercing damage identity. Try to make both damage types matter in most major fights.,radiant+martial;radiant+ranged;radiant+thrown
Smiting,Build around a Radiant + Bludgeoning damage identity. Try to make both damage types matter in most major fights.,radiant+martial;radiant+unarmed;radiant+shillelagh;radiant+thrown
Graverobbing,Build around a Necrotic + Bludgeoning damage identity. Try to make both damage types matter in most major fights.,necrotic+martial;necrotic+unarmed;necrotic+shillelagh
Telekinetic,Build around a Psychic + Force damage identity. Try to make both damage types matter in most major fights.,psychic+force
Traumatic,Build around a Psychic + Slashing damage identity. Try to make both damage types matter in most major fights.,psychic+martial
Migraine,Build around a Psychic + Piercing damage identity. Try to make both damage types matter in most major fights.,psychic+martial;psychic+ranged
Brainbonking,Build around a Psychic + Bludgeoning damage identity. Try to make both damage types matter in most major fights.,psychic+martial;psychic+unarmed;psychic+shillelagh
Spellslicing,Build around a Force + Slashing damage identity. Try to make both damage types matter in most major fights.,force+martial
Ballistic,Build around a Force + Piercing damage identity. Try to make both damage types matter in most major fights.,force+martial;force+ranged
Catapulting,Build around a Force + Bludgeoning damage identity. Try to make both damage types matter in most major fights.,force+martial+caster;force+unarmed;force+ranged
Sharpshooting,Use bows as your main weapon plan whenever possible.,ranged
Crossbowed,"Prefer hand crossbows, light crossbows, or heavy crossbows over other ranged weapons.",ranged
Polearmed,"Use spears, pikes, halberds, glaives, or tridents as your signature weapon type.",martial
Hammering,"Use hammers, mauls, maces, or clubs as your main weapon plan.",martial
Cleaving,"Use axes, greatswords, longswords, or glaives and solve problems with big slashing hits.",martial
Fencing,"Use rapiers, shortswords, scimitars, or other finesse melee weapons whenever possible.",martial
Twinfang,Dual wield from beginning to end whenever your build can support it.,martial
Greatweaponed,Use two-handed melee weapons and lean into big single hits.,martial
Axe-Crazy,"Favor handaxes, battleaxes, greataxes, or thrown axes whenever possible.",martial
Dagger-Happy,"Use daggers as often as possible, including thrown daggers if needed.",martial
Quarterstaffed,"Fight with staves or clubs, even on classes that normally would not.",shillelagh;martial
Throwing,Throw weapons whenever possible and treat returning weapons as premium loot.,thrown
Improvised,"Kill enemies with chairs, crates, corpses, barrels, or anything else the game lets you throw.",improvised
Shielded,Use a shield whenever possible and make defense part of the character identity.,
Unarmed,"Punch, kick, shove, throw, or otherwise fight with your body whenever possible.",unarmed
Reachy,Use reach weapons and positioning to hit enemies before they can hit you.,martial
Backstabbing,"Use daggers, shortswords, rapiers, or stealthy melee attacks whenever practical.",martial
Boomeranging,"Use returning weapons, thrown weapons, and ranged repositioning tricks.",thrown
Bonking,Every serious problem should eventually meet blunt force trauma.,shillelagh;martial;improvised
Pointy,"Favor spears, arrows, bolts, daggers, rapiers, and other piercing options.",martial;ranged;thrown
Torchbearing,"Use torches and lanterns as your main weapons whenever possible, bringing firelight and blunt-force practicality into every fight.",martial;shillelagh
Grenadier,"Fight with grenades, bombs, alchemical throwables, potions, elixirs and other consumable explosives whenever possible. Treat every encounter as an excuse to throw something dangerous.",thrown
Mighty,Obtain Titanstring Bow and build around its Strength-scaling ranged damage.,ranged
Unerring,"Build around The Dead Shot and chase accuracy, critical hits, and clean ranged kills.",ranged
Cyclonic,Build around Nyrulna as a thrown or melee weapon and embrace thunderous chaos.,martial;thrown
Dawnlit,Build around The Blood of Lathander and carry its radiant power through the shadowed parts of the game.,martial;tank
Titanic,Build around Balduran's Giantslayer and hunt the biggest enemies on the map.,martial
Ridiculous,Build around Clown Hammer and commit to the bit even when better weapons exist.,martial
Bulwarked,Build around Defender Flail and become annoyingly difficult to remove from the frontline.,tank
Elegant,Build around Larethian's Wrath and fight like a graceful blade-dancer.,martial
Primitive,Build around Magic Club and prove that enchanted bonking is still magic.,shillelagh;martial
Harmonic,Build around Phalar Aluve and use Sing or Shriek in every major fight.,
Melancholic,Build around Sorrow and use Sorrowful Lash whenever it creates value.,
Hungry,Build around Shattered Flail and keep attacking to satisfy the weapon's demands.,tank+martial
Savage,Build around Vicious Battleaxe and lean into brutal melee pressure.,martial
Dwarven,Build around Dwarven Thrower and throw it whenever possible.,thrown
Watchful,"Build around Halberd of Vigilance and use reach, initiative, and control to dominate space.",martial
Cherished,Build around Staff of Cherished Necromancy and lean into Necromancy spells.,caster+necrotic
Vampiric,Build around Sword of Life Stealing and chase critical hits that keep you alive.,martial
Graceful,"Build around The Dancing Breeze and make reach, mobility, and finesse the point.",martial
Sacred,Build around The Sacred Star and stack radiant pressure wherever possible.,martial;tank
Duelist,Build around Duellist's Prerogative and fight with a single elegant weapon.,martial
Astral,Build around Silver Sword of the Astral Plane and embrace a githyanki or astral-warrior identity.,martial
Punch-Drunk,Use Punch-Drunk Bastard as your signature weapon and turn every fight into a tavern brawl.,martial
Mourning,Build around Mourning Frost and spread cold wherever you go.,shillelagh;martial;caster+cold
Burrowing,Build around The Skinburster and become nearly impossible to bring down.,martial+tank
Cleave,Build around Jorgoral's Greatsword and dominate fights against multiple enemies.,martial
Turret,Build around Ne'er Misser and make ranged attacks your reliable answer to every problem.,ranged
Invisible,Build around Unseen Menace and strike from the shadows whenever possible.,martial
Hellbound,Build around Hellfire Greataxe and embrace infernal power.,martial
Azer-Forged,Build around Azer Warhammer and bring relentless fire-forged hammer blows to the frontline.,martial
Deva-Touched,Make Deva Mace your signature weapon and deliver radiant judgment in melee.,martial;radiant
Djinni-Blessed,Build around Djinni Scimitar and fight with the speed and flair of an elemental duelist.,martial
Vortical,Make Flail of the Vortex your signature weapon and turn every melee into a violent storm.,martial
Makeshift,Build around Makeshift Bow and prove that humble equipment can still carry a run.,ranged
Cinderborn,Make Scimitar of Cinder your signature weapon and carve through enemies with fire at your side.,martial;fire
Abyssal,Build around Trident of the Depths and embrace a deep-sea warrior identity.,martial;thrown
Flamewreathed,Use Flame Blade as your signature weapon and solve close-range problems with conjured fire.,martial;caster+fire
Ronin,"Build around Katana and fight as a disciplined, precise swordmaster.",martial
Construct,Make Light of Creation your signature weapon and lean into its dangerous lightning-charged power.,martial;lightning
Scourged,"Build around Loviatar's Scourge and make pain, punishment, and brutal melee your identity.",martial
Skull-Staving,Make Shining Staver-of-Skulls your signature weapon and bring radiant blunt-force justice.,martial;radiant
Blooded,Build around Blooded Greataxe and stay aggressive when the fighting gets ugly.,martial
Cacophonous,Make Cacophony your signature weapon and punctuate every melee with thunderous force.,martial;thunder
Charge-Bound,Build around Charge-Bound Warhammer and keep its magical bond central to your combat plan.,martial
Caustic,Make Corrosive Flail your signature weapon and batter enemies with acid-laced brutality.,martial;acid
Cruel,Build around Cruel Sting and fight like a merciless drow blade-master.,martial
Aged,Make Flail of Ages your signature weapon and exploit its elemental versatility whenever possible.,martial
Moonlit,Build around Moonlight Glaive and sweep through enemies with radiant lunar power.,martial;radiant
Ratcatching,Make Rat Bat your signature weapon and commit completely to vermin-themed blunt-force violence.,martial
Thermodynamic,Build around Thermodynamo Axe and turn heat generation into relentless melee pressure.,martial;fire
Thorned,"Make Thorn Blade your signature weapon and fight as a mobile, nature-touched scimitar wielder.",martial
Ramming,Build around Staff of the Ram and use its forceful strikes to batter enemies out of position.,martial;force
Vlaakith-Devout,Make Voss' Silver Sword your signature weapon and embrace Vlaakith.,martial
Healer,Be the healer for your party.,healer
Shadow,Use darkness and obscured areas to your advantage.,
Summoner,Build your own personal army of minions.,summons
Pure,Burn away corruption while mending your allies.,healer+fire
Bloodletter,Heals through violence. Every wound is another opportunity.,healer+martial;healer+necrotic
Beacon,A guiding light that shields and restores.,healer+radiant
Necromancer,Raise servants that never tire.,summons+necrotic
Hellish,Call forth creatures from the Hells.,summons+fire
Skirmishing,Never stand still. Every attack is part of a dance across the battlefield.,mobile
Elusive,"Strike where least expected, then vanish before retaliation arrives.",mobile
Dancing,Grace and movement are your greatest weapons.,mobile
Untouchable,Your greatest defense is never being where the enemy swings.,tank
Puppeteer,Every enemy moves exactly where you want them to.,control
Bewildering,"Leave your enemies confused, scattered, and unable to act.",control
Oppressive,Your enemies don't lose because they're weaker—they lose because they never get to fight.,control
Heroic,"Save as many people as the game reasonably allows, even when it is inconvenient.",
Greedy,"Steal, pickpocket, extort, and loot whenever the opportunity appears.",
Merciful,Spare enemies and NPCs whenever the game gives you a meaningful option.,
Bloodthirsty,Kill major villains and dangerous enemies instead of sparing them.,
Treacherous,"Betray factions, bosses, or allies whenever the opportunity presents itself.",
Naturebound,"Save the Grove and protect druids, tieflings, animals, and natural places when possible.",
Raiding,Side against the Grove or otherwise take the crueler Act 1 route.,
Liberating,Free the Nightsong and oppose those who would imprison her.,
Obedient,Do not free the Nightsong; follow the darker path in the Shadow-Cursed Lands.,
Wormy,Use tadpoles freely and unlock illithid powers as they become available.,
Pristine,Refuse tadpoles and avoid illithid powers entirely.,
Evolved,Accept the Astral Tadpole and lean into partial-illithid power.,
Resistant,"Use early tadpoles if desired, but refuse the Astral Tadpole.",
Companionable,Recruit as many companions as possible and resolve their personal quests.,
Lonewolf,Minimize companion recruitment and handle things yourself. Do not put anyone else in danger.,
Romantic,"Prioritize companion approval, romance scenes, and emotionally loyal choices.",
Frugal,"Avoid buying gear unless absolutely necessary; loot, steal, craft, or scavenge instead.",
Chaotic,Pick the funniest or most disruptive option whenever it does not end the run.,
Secretive,"Use stealth, invisibility, disguises, and surprise whenever possible.",
Loud,"Avoid subtlety. Kick doors open, start fights openly, and make your entrance obvious.",
Isekaid,"You were just an ordinary person until you suddenly found yourself stranded in Faerûn. Limit meta gaming whenever possible, and only replace one equipment slot after each boss kill.",
Otherwordly,Find the coolest weapon and/or armor mod and play with those items from the start of the game.,
Nudist,Refuse to wear armor or clothes - it only slows you down!,
Fisticuff,Refuse to use weapons of any kind - your body is the weapon!,
